Nome,P,J,V,E,D,GP,GC,SG,AP%
Fluminense,5,3,1,2,0,4,3,1,55.55555555555556
Atlético Mineiro,3,3,0,3,0,1,1,0,33.33333333333333
Chapecoense,3,3,0,3,0,0,0,0,33.33333333333333
Brasil de Pelotas,2,3,0,2,1,2,3,-1,22.22222222222222
